DROP TABLE Ville CASCADE CONSTRAINTS
/
DROP TABLE categorie CASCADE CONSTRAINTS
/
DROP TABLE Vente CASCADE CONSTRAINTS
/

DROP TABLE Client CASCADE CONSTRAINTS
/

DROP TABLE Article CASCADE CONSTRAINTS
/

CREATE TABLE Ville
(id_ville               number primary key,
 nomVille		VARCHAR(15)	NOT NULL,
 nomPays		VARCHAR(15) NOT NULL 
);
/
INSERT INTO Ville VALUES(1,'Montréal','Canada')
/
INSERT INTO Ville VALUES(2,'Ottawa','Canada')
/
INSERT INTO Ville VALUES(3,'Paris','France')
/
CREATE TABLE Client
(noClient 		INTEGER 		NOT NULL,
 nomClient 		VARCHAR(20) 	NOT NULL,
 id_ville 		number,     
CONSTRAINT fk1 FOREIGN KEY(id_ville) REFERENCES ville(id_ville),
 constraint pkCl PRIMARY KEY 	(noClient)
);
INSERT INTO Client VALUES(1,'Luc Sansom',1)
/
INSERT INTO Client VALUES(2,'Dollard Tremblay',2)
/
INSERT INTO Client VALUES(3,'Lin Bô',1)
/
INSERT INTO Client VALUES(4,'Jean Leconte',3)
/
INSERT INTO Client VALUES(5,'Hafed Alaoui',2)
/
INSERT INTO Client VALUES(6,'Marie Leconte',3)
/
Create table categorie(
      idcat number primary key,
       nomCategorie varchar(10)
);
/
INSERT INTO categorie VALUES(1,'Conifère')
/
INSERT INTO categorie VALUES(2,'Feuillu')
/

CREATE TABLE Article
(noArticle 		INTEGER		NOT NULL,
 description 	VARCHAR(20),
 prixUnitaire 	number NOT NULL,
 quantiteEnStock	INTEGER		DEFAULT 0 NOT NULL,
 idcat number,
CONSTRAINT fkCAt FOREIGN KEY(idcat) REFERENCES categorie(idcat),
 constraint pkArt PRIMARY KEY (noArticle))
;
/
INSERT INTO Article VALUES(10,'Cèdre en boule',10.99,10,1)
/
INSERT INTO Article VALUES(20,'Sapin',12.99,10,2)
/
INSERT INTO Article VALUES(40,'Épinette bleue',25.99,10,1)
/
INSERT INTO Article VALUES(50,'Chêne',22.99,10,2)
/
INSERT INTO Article VALUES(60,'Érable argenté',15.99,10,2)
/
INSERT INTO Article VALUES(70,'Herbe à puce',10.99,10,2)
/
INSERT INTO Article VALUES(80,'Poirier',26.99,10,2)
/
CREATE TABLE Vente
(noClient 		INTEGER		NOT NULL,
 noArticle 		INTEGER		NOT NULL,
 dateCommande 	DATE			NOT NULL,
 QTe number	NOT NULL,
 constraint pkV PRIMARY KEY (noClient,noArticle, dateCommande),
 constraint fkV1 FOREIGN KEY (noClient) REFERENCES Client,
 constraint pkV2 FOREIGN KEY (noArticle) REFERENCES Article
);
/
ALTER SESSION SET NLS_DATE_FORMAT = 'DD/MM/YYYY'
/
INSERT INTO Vente VALUES(1,10,'10/01/2000',100)
/
INSERT INTO Vente VALUES(2,20,'10/01/2000',200)
/
INSERT INTO Vente VALUES(3,10,'10/01/2000',500)
/
INSERT INTO Vente VALUES(1,10,'15/01/2000',300)
/
INSERT INTO Vente VALUES(3,40,'15/01/2000',100)
/
INSERT INTO Vente VALUES(2,60,'16/01/2000',200)
/
INSERT INTO Vente VALUES(4,60,'20/02/2000',400)
/
INSERT INTO Vente VALUES(2,10,'20/02/2000',200)
/
INSERT INTO Vente VALUES(1,40,'25/02/2000',100)
/
INSERT INTO Vente VALUES(4,10,'04/03/2000',300)
/
INSERT INTO Vente VALUES(1,20,'04/03/2000',200)
/
INSERT INTO Vente VALUES(4,60,'15/03/2000',100)
/
INSERT INTO Vente VALUES(2,10,'15/03/2000',500)
/
INSERT INTO Vente VALUES(3,50,'05/04/2000',200)
/
INSERT INTO Vente VALUES(3,20,'06/04/2000',400)
/
INSERT INTO Vente VALUES(1,60,'10/04/2000',200)
/
INSERT INTO Vente VALUES(1,10,'15/04/2000',100)
/
INSERT INTO Vente VALUES(2,60,'20/05/2000',200)
/
INSERT INTO Vente VALUES(3,10,'25/05/2000',500)
/
INSERT INTO Vente VALUES(1,50,'05/06/2000',200)
/
INSERT INTO Vente VALUES(2,20,'05/06/2000',100)
/
INSERT INTO Vente VALUES(1,10,'10/01/2009',100)
/
INSERT INTO Vente VALUES(2,20,'10/01/2009',200)
/
INSERT INTO Vente VALUES(3,10,'10/01/2009',500)
/
INSERT INTO Vente VALUES(1,10,'15/01/2009',300)
/
INSERT INTO Vente VALUES(3,40,'15/01/2009',100)
/
INSERT INTO Vente VALUES(2,60,'16/01/2009',200)
/
INSERT INTO Vente VALUES(4,60,'20/02/2009',400)
/
INSERT INTO Vente VALUES(2,10,'20/02/2009',200)
/
INSERT INTO Vente VALUES(1,40,'25/02/2000',100)
/
INSERT INTO Vente VALUES(4,10,'04/03/2009',300)
/
INSERT INTO Vente VALUES(1,20,'04/03/2009',200)
/
INSERT INTO Vente VALUES(4,60,'15/03/2009',100)
/
INSERT INTO Vente VALUES(2,10,'15/03/2009',500)
/
INSERT INTO Vente VALUES(3,50,'05/04/2009',200)
/
INSERT INTO Vente VALUES(3,20,'06/04/2009',400)
/
INSERT INTO Vente VALUES(1,60,'10/04/2009',200)
/
INSERT INTO Vente VALUES(1,10,'15/04/2009',100)
/
INSERT INTO Vente VALUES(2,60,'20/05/2009',200)
/
INSERT INTO Vente VALUES(3,10,'25/05/2009',500)
/
INSERT INTO Vente VALUES(1,50,'05/06/2009',200)
/
INSERT INTO Vente VALUES(2,20,'05/06/2009',100)

